kind,group,x,scenario,protocol,run,pdr_pct,delay_ms,delay99_ms,throughput_kbps,nrl,jitter_ms,delay_off50_ms,delay_off90_ms,nrl_bytes,mobility
grid,rwp-tworay,0,paper,anthocnet,1,97.5,34.7,758.5,6.50,34.18,59.98,1.5,97.5,,rwp
grid,rwp-tworay,0,paper,anthocnet,2,97.3,64.4,850.5,6.56,37.86,98.32,4.5,218.5,,rwp
grid,rwp-tworay,0,paper,anthocnet,3,97.3,36.2,653.5,6.34,33.38,55.79,1.5,130.5,,rwp
grid,rwp-tworay,0,paper,anthocnet,4,97.1,56.7,908.5,6.33,36.36,91.53,2.5,209.5,,rwp
grid,rwp-tworay,0,paper,anthocnet,5,97.2,49.7,893.5,6.44,36.22,81.95,2.5,164.5,,rwp
grid,rwp-tworay,0,paper,anthocnet,6,97.5,32.1,719.5,6.38,33.26,53.27,1.5,81.5,,rwp
grid,rwp-tworay,0,paper,anthocnet,7,98.4,35.7,706.5,6.50,34.21,59.33,1.5,94.5,,rwp
grid,rwp-tworay,0,paper,anthocnet,8,97.1,48.5,801.5,6.43,35.16,80.00,2.5,179.5,,rwp
grid,rwp-tworay,0,paper,anthocnet,9,97.3,59.5,962.5,6.54,37.09,98.94,2.5,212.5,,rwp
grid,rwp-tworay,0,paper,anthocnet,10,97.3,34.5,675.5,6.42,33.40,57.54,1.5,109.5,,rwp
grid,rwp-tworay,0,paper,anthocnet,11,97.6,38.3,706.5,6.29,32.92,60.13,1.5,128.5,,rwp
grid,rwp-tworay,0,paper,anthocnet,12,98.0,39.3,767.5,6.43,35.08,66.09,1.5,117.5,,rwp
grid,rwp-tworay,0,paper,anthocnet,13,97.2,44.5,794.5,6.36,36.52,66.96,1.5,147.5,,rwp
grid,rwp-tworay,0,paper,anthocnet,14,98.1,37.1,793.5,6.51,34.67,62.54,1.5,109.5,,rwp
grid,rwp-tworay,0,paper,anthocnet,15,98.1,44.3,775.5,6.47,35.04,75.52,1.5,135.5,,rwp
grid,rwp-tworay,0,paper,anthocnet,16,97.8,49.6,842.5,6.64,34.99,85.78,1.5,162.5,,rwp
grid,rwp-tworay,0,paper,anthocnet,17,97.6,51.7,885.5,6.35,35.97,84.95,1.5,163.5,,rwp
grid,rwp-tworay,0,paper,anthocnet,18,97.1,32.6,623.5,6.26,34.60,52.66,1.5,107.5,,rwp
grid,rwp-tworay,0,paper,anthocnet,19,96.5,47.9,844.5,6.42,36.73,80.35,2.5,180.5,,rwp
grid,rwp-tworay,0,paper,anthocnet,20,96.7,52.5,786.5,6.44,35.18,84.61,2.5,209.5,,rwp
grid,rwp-tworay,0,paper,aodv,1,85.1,39.2,539.5,5.67,65.52,62.73,3.5,-1,,rwp
grid,rwp-tworay,0,paper,aodv,2,86.2,41.9,594.5,5.81,61.60,67.35,3.5,-1,,rwp
grid,rwp-tworay,0,paper,aodv,3,86.3,39.9,591.5,5.63,60.46,63.57,2.5,-1,,rwp
grid,rwp-tworay,0,paper,aodv,4,85.0,50.3,694.5,5.55,69.71,78.94,4.5,-1,,rwp
grid,rwp-tworay,0,paper,aodv,5,84.9,40.4,548.5,5.62,65.20,63.70,3.5,-1,,rwp
grid,rwp-tworay,0,paper,aodv,6,87.1,42.7,620.5,5.70,63.74,67.41,3.5,-1,,rwp
grid,rwp-tworay,0,paper,aodv,7,85.6,45.8,633.5,5.65,66.65,70.57,4.5,-1,,rwp
grid,rwp-tworay,0,paper,aodv,8,86.9,33.5,472.5,5.76,60.57,52.94,2.5,-1,,rwp
grid,rwp-tworay,0,paper,aodv,9,86.5,39.1,520.5,5.81,61.50,61.22,3.5,-1,,rwp
grid,rwp-tworay,0,paper,aodv,10,88.4,43.4,580.5,5.83,65.49,69.18,2.5,-1,,rwp
grid,rwp-tworay,0,paper,aodv,11,87.7,36.3,524.5,5.66,63.01,59.29,2.5,-1,,rwp
grid,rwp-tworay,0,paper,aodv,12,85.5,42.8,598.5,5.61,65.90,67.45,3.5,-1,,rwp
grid,rwp-tworay,0,paper,aodv,13,84.7,46.8,615.5,5.54,67.46,72.47,4.5,-1,,rwp
grid,rwp-tworay,0,paper,aodv,14,85.5,51.4,691.5,5.67,68.74,80.45,5.5,-1,,rwp
grid,rwp-tworay,0,paper,aodv,15,87.8,37.8,495.5,5.79,58.55,58.96,2.5,-1,,rwp
grid,rwp-tworay,0,paper,aodv,16,85.8,44.8,612.5,5.82,67.04,70.86,3.5,-1,,rwp
grid,rwp-tworay,0,paper,aodv,17,84.2,39.5,580.5,5.48,64.66,62.61,3.5,-1,,rwp
grid,rwp-tworay,0,paper,aodv,18,85.7,43.5,580.5,5.53,64.10,70.28,2.5,-1,,rwp
grid,rwp-tworay,0,paper,aodv,19,85.3,43.7,576.5,5.68,64.48,68.22,3.5,-1,,rwp
grid,rwp-tworay,0,paper,aodv,20,84.2,44.8,620.5,5.61,68.50,72.09,3.5,-1,,rwp
grid,rwp-tworay,0,paper,olsr,1,90.8,7.9,22.5,5.90,3.96,11.52,1.5,22.5,,rwp
grid,rwp-tworay,0,paper,olsr,2,91.0,9.8,24.5,5.94,3.90,15.08,1.5,23.5,,rwp
grid,rwp-tworay,0,paper,olsr,3,91.0,5.8,21.5,5.77,4.07,8.00,0.5,21.5,,rwp
grid,rwp-tworay,0,paper,olsr,4,89.5,10.0,27.5,5.68,4.16,15.19,1.5,-1,,rwp
grid,rwp-tworay,0,paper,olsr,5,89.4,6.2,23.5,5.75,4.11,8.56,1.5,-1,,rwp
grid,rwp-tworay,0,paper,olsr,6,90.6,4.9,21.5,5.79,4.08,6.03,1.5,23.5,,rwp
grid,rwp-tworay,0,paper,olsr,7,90.6,4.4,20.5,5.81,4.06,5.24,0.5,22.5,,rwp
grid,rwp-tworay,0,paper,olsr,8,90.4,7.8,23.5,5.82,4.07,11.16,1.5,40.5,,rwp
grid,rwp-tworay,0,paper,olsr,9,89.0,9.9,23.5,5.83,4.01,15.42,1.5,-1,,rwp
grid,rwp-tworay,0,paper,olsr,10,92.8,6.4,21.5,6.02,3.82,9.61,0.5,15.5,,rwp
grid,rwp-tworay,0,paper,olsr,11,92.3,9.0,23.5,5.86,3.97,14.19,0.5,17.5,,rwp
grid,rwp-tworay,0,paper,olsr,12,89.8,4.5,21.5,5.78,4.05,5.31,0.5,-1,,rwp
grid,rwp-tworay,0,paper,olsr,13,89.4,6.2,22.5,5.72,4.08,8.89,1.5,-1,,rwp
grid,rwp-tworay,0,paper,olsr,14,91.5,5.5,21.5,5.93,3.94,7.56,0.5,18.5,,rwp
grid,rwp-tworay,0,paper,olsr,15,91.7,9.4,24.5,5.90,3.96,15.03,1.5,21.5,,rwp
grid,rwp-tworay,0,paper,olsr,16,90.7,11.6,29.5,6.00,3.92,18.26,1.5,1004.5,,rwp
grid,rwp-tworay,0,paper,olsr,17,90.7,6.8,22.5,5.73,4.08,9.46,1.5,24.5,,rwp
grid,rwp-tworay,0,paper,olsr,18,89.8,5.3,20.5,5.66,4.14,6.92,0.5,-1,,rwp
grid,rwp-tworay,0,paper,olsr,19,90.1,8.2,22.5,5.84,4.00,12.22,1.5,1013.5,,rwp
grid,rwp-tworay,0,paper,olsr,20,90.8,9.1,25.5,5.94,3.94,14.08,1.5,28.5,,rwp
grid,rwp-tworay,0,paper,dsdv,1,85.3,15.9,440.5,5.68,22.73,28.51,1.5,-1,,rwp
grid,rwp-tworay,0,paper,dsdv,2,84.6,14.9,348.5,5.70,22.57,26.21,1.5,-1,,rwp
grid,rwp-tworay,0,paper,dsdv,3,86.2,17.6,962.5,5.62,23.01,31.24,1.5,-1,,rwp
grid,rwp-tworay,0,paper,dsdv,4,83.5,14.8,371.5,5.44,23.75,24.03,1.5,-1,,rwp
grid,rwp-tworay,0,paper,dsdv,5,83.9,15.9,441.5,5.56,23.26,27.98,1.5,-1,,rwp
grid,rwp-tworay,0,paper,dsdv,6,86.2,18.4,498.5,5.64,22.92,32.57,1.5,-1,,rwp
grid,rwp-tworay,0,paper,dsdv,7,85.5,14.3,362.5,5.65,22.83,25.26,1.5,-1,,rwp
grid,rwp-tworay,0,paper,dsdv,8,84.5,12.8,290.5,5.60,23.11,22.07,1.5,-1,,rwp
grid,rwp-tworay,0,paper,dsdv,9,83.4,14.3,399.5,5.61,23.05,24.94,1.5,-1,,rwp
grid,rwp-tworay,0,paper,dsdv,10,86.5,13.8,343.5,5.71,22.47,24.59,0.5,-1,,rwp
grid,rwp-tworay,0,paper,dsdv,11,88.0,14.4,383.5,5.68,22.61,25.48,0.5,-1,,rwp
grid,rwp-tworay,0,paper,dsdv,12,82.8,15.9,387.5,5.43,23.79,28.19,1.5,-1,,rwp
grid,rwp-tworay,0,paper,dsdv,13,86.2,14.4,352.5,5.63,22.90,25.02,1.5,-1,,rwp
grid,rwp-tworay,0,paper,dsdv,14,84.8,17.5,466.5,5.62,23.01,31.42,1.5,-1,,rwp
grid,rwp-tworay,0,paper,dsdv,15,85.9,13.2,340.5,5.67,22.77,23.01,1.5,-1,,rwp
grid,rwp-tworay,0,paper,dsdv,16,84.0,15.7,417.5,5.70,22.64,27.44,1.5,-1,,rwp
grid,rwp-tworay,0,paper,dsdv,17,84.3,16.0,449.5,5.49,23.43,27.18,1.5,-1,,rwp
grid,rwp-tworay,0,paper,dsdv,18,83.1,14.9,372.5,5.36,24.13,26.49,1.5,-1,,rwp
grid,rwp-tworay,0,paper,dsdv,19,84.9,16.0,441.5,5.65,22.82,28.38,1.5,-1,,rwp
grid,rwp-tworay,0,paper,dsdv,20,86.2,14.0,324.5,5.74,22.48,24.30,0.5,-1,,rwp
grid,ssrwp-tworay,0,paper,anthocnet,1,97.9,29.3,647.5,6.38,33.70,50.66,1.5,61.5,,ssrwp
grid,ssrwp-tworay,0,paper,anthocnet,2,98.2,33.8,686.5,6.45,33.23,57.62,1.5,87.5,,ssrwp
grid,ssrwp-tworay,0,paper,anthocnet,3,97.7,33.7,688.5,6.49,32.40,54.71,1.5,99.5,,ssrwp
grid,ssrwp-tworay,0,paper,anthocnet,4,98.3,29.7,736.5,6.61,33.45,50.19,1.5,50.5,,ssrwp
grid,ssrwp-tworay,0,paper,anthocnet,5,97.6,32.5,648.5,6.47,32.41,55.58,1.5,95.5,,ssrwp
grid,ssrwp-tworay,0,paper,anthocnet,6,97.2,32.8,663.5,6.33,34.09,56.19,1.5,105.5,,ssrwp
grid,ssrwp-tworay,0,paper,anthocnet,7,97.2,43.1,760.5,6.29,34.39,72.75,1.5,142.5,,ssrwp
grid,ssrwp-tworay,0,paper,anthocnet,8,98.3,37.0,687.5,6.54,33.27,59.41,1.5,111.5,,ssrwp
grid,ssrwp-tworay,0,paper,anthocnet,9,97.6,37.7,767.5,6.67,35.43,64.23,1.5,118.5,,ssrwp
grid,ssrwp-tworay,0,paper,anthocnet,10,97.5,33.4,609.5,6.39,33.67,56.13,1.5,114.5,,ssrwp
grid,ssrwp-tworay,0,paper,anthocnet,11,98.0,39.4,754.5,6.41,33.37,67.22,1.5,121.5,,ssrwp
grid,ssrwp-tworay,0,paper,anthocnet,12,97.1,39.8,743.5,6.25,38.41,66.36,1.5,132.5,,ssrwp
grid,ssrwp-tworay,0,paper,anthocnet,13,97.6,45.9,759.5,6.48,34.67,74.50,1.5,145.5,,ssrwp
grid,ssrwp-tworay,0,paper,anthocnet,14,97.5,36.3,657.5,6.37,35.51,61.64,1.5,115.5,,ssrwp
grid,ssrwp-tworay,0,paper,anthocnet,15,97.6,25.9,508.5,6.40,32.75,42.34,1.5,77.5,,ssrwp
grid,ssrwp-tworay,0,paper,anthocnet,16,98.1,33.4,705.5,6.55,33.94,56.29,1.5,88.5,,ssrwp
grid,ssrwp-tworay,0,paper,anthocnet,17,97.3,30.7,797.5,6.34,34.42,53.89,1.5,71.5,,ssrwp
grid,ssrwp-tworay,0,paper,anthocnet,18,97.8,60.1,848.5,6.57,34.97,92.56,2.5,190.5,,ssrwp
grid,ssrwp-tworay,0,paper,anthocnet,19,95.3,49.6,905.5,6.19,36.81,83.08,2.5,259.5,,ssrwp
grid,ssrwp-tworay,0,paper,anthocnet,20,97.3,46.4,838.5,6.49,34.58,75.13,1.5,154.5,,ssrwp
grid,ssrwp-tworay,0,paper,aodv,1,88.3,39.6,557.5,5.75,61.94,62.68,2.5,-1,,ssrwp
grid,ssrwp-tworay,0,paper,aodv,2,86.9,41.8,587.5,5.71,68.09,68.03,2.5,-1,,ssrwp
grid,ssrwp-tworay,0,paper,aodv,3,86.3,36.9,529.5,5.74,61.84,60.05,2.5,-1,,ssrwp
grid,ssrwp-tworay,0,paper,aodv,4,85.5,50.3,673.5,5.75,69.26,79.05,3.5,-1,,ssrwp
grid,ssrwp-tworay,0,paper,aodv,5,87.7,44.4,577.5,5.82,61.72,69.99,3.5,-1,,ssrwp
grid,ssrwp-tworay,0,paper,aodv,6,87.4,39.5,627.5,5.69,60.97,62.76,2.5,-1,,ssrwp
grid,ssrwp-tworay,0,paper,aodv,7,87.1,38.7,580.5,5.63,64.71,63.71,2.5,-1,,ssrwp
grid,ssrwp-tworay,0,paper,aodv,8,88.7,37.0,512.5,5.90,59.07,58.90,2.5,-1,,ssrwp
grid,ssrwp-tworay,0,paper,aodv,9,85.3,44.3,639.5,5.83,63.31,70.50,3.5,-1,,ssrwp
grid,ssrwp-tworay,0,paper,aodv,10,83.1,58.1,743.5,5.45,78.01,90.24,7.5,-1,,ssrwp
grid,ssrwp-tworay,0,paper,aodv,11,88.3,42.3,633.5,5.78,59.76,66.08,2.5,-1,,ssrwp
grid,ssrwp-tworay,0,paper,aodv,12,86.2,39.0,526.5,5.55,61.39,59.93,2.5,-1,,ssrwp
grid,ssrwp-tworay,0,paper,aodv,13,87.2,37.4,504.5,5.79,61.61,58.84,2.5,-1,,ssrwp
grid,ssrwp-tworay,0,paper,aodv,14,86.9,39.1,525.5,5.68,61.12,61.27,3.5,-1,,ssrwp
grid,ssrwp-tworay,0,paper,aodv,15,87.0,38.5,526.5,5.70,65.61,61.40,2.5,-1,,ssrwp
grid,ssrwp-tworay,0,paper,aodv,16,86.2,39.7,582.5,5.75,64.56,64.51,2.5,-1,,ssrwp
grid,ssrwp-tworay,0,paper,aodv,17,85.4,44.4,602.5,5.57,69.33,71.00,3.5,-1,,ssrwp
grid,ssrwp-tworay,0,paper,aodv,18,86.6,38.4,525.5,5.82,61.50,59.76,3.5,-1,,ssrwp
grid,ssrwp-tworay,0,paper,aodv,19,84.4,47.7,597.5,5.48,67.75,75.14,5.5,-1,,ssrwp
grid,ssrwp-tworay,0,paper,aodv,20,86.6,45.5,616.5,5.78,65.93,72.79,3.5,-1,,ssrwp
grid,ssrwp-tworay,0,paper,olsr,1,92.2,6.1,20.5,5.93,3.90,8.95,1.5,16.5,,ssrwp
grid,ssrwp-tworay,0,paper,olsr,2,91.6,7.9,22.5,5.89,3.93,11.61,0.5,19.5,,ssrwp
grid,ssrwp-tworay,0,paper,olsr,3,91.8,4.7,20.5,6.00,3.89,6.08,0.5,17.5,,ssrwp
grid,ssrwp-tworay,0,paper,olsr,4,91.7,5.0,21.5,6.04,3.90,6.27,0.5,18.5,,ssrwp
grid,ssrwp-tworay,0,paper,olsr,5,92.2,7.0,22.5,5.97,3.94,10.09,0.5,18.5,,ssrwp
grid,ssrwp-tworay,0,paper,olsr,6,90.7,6.9,21.5,5.80,4.05,10.18,0.5,22.5,,ssrwp
grid,ssrwp-tworay,0,paper,olsr,7,92.4,7.5,22.5,5.89,3.98,11.16,0.5,17.5,,ssrwp
grid,ssrwp-tworay,0,paper,olsr,8,91.1,4.9,21.5,5.93,3.94,6.13,0.5,20.5,,ssrwp
grid,ssrwp-tworay,0,paper,olsr,9,89.2,6.4,22.5,5.91,3.93,8.99,1.5,-1,,ssrwp
grid,ssrwp-tworay,0,paper,olsr,10,92.6,6.3,23.5,5.92,3.96,8.51,0.5,17.5,,ssrwp
grid,ssrwp-tworay,0,paper,olsr,11,93.3,7.4,22.5,6.02,3.83,11.20,0.5,15.5,,ssrwp
grid,ssrwp-tworay,0,paper,olsr,12,89.6,5.3,21.5,5.60,4.17,7.07,1.5,-1,,ssrwp
grid,ssrwp-tworay,0,paper,olsr,13,90.2,6.1,21.5,5.85,3.99,8.27,1.5,1003.5,,ssrwp
grid,ssrwp-tworay,0,paper,olsr,14,91.4,6.5,21.5,5.85,3.98,9.43,1.5,19.5,,ssrwp
grid,ssrwp-tworay,0,paper,olsr,15,93.1,5.7,20.5,6.03,3.85,8.03,0.5,15.5,,ssrwp
grid,ssrwp-tworay,0,paper,olsr,16,90.9,7.4,22.5,5.96,3.92,11.00,0.5,23.5,,ssrwp
grid,ssrwp-tworay,0,paper,olsr,17,90.8,5.2,20.5,5.80,4.06,7.20,0.5,21.5,,ssrwp
grid,ssrwp-tworay,0,paper,olsr,18,89.2,7.8,23.5,5.83,4.02,11.70,1.5,-1,,ssrwp
grid,ssrwp-tworay,0,paper,olsr,19,88.7,10.6,27.5,5.61,4.16,16.42,1.5,-1,,ssrwp
grid,ssrwp-tworay,0,paper,olsr,20,92.3,8.4,23.5,6.05,3.87,13.04,0.5,18.5,,ssrwp
grid,ssrwp-tworay,0,paper,dsdv,1,86.7,15.3,372.5,5.65,22.64,27.48,1.5,-1,,ssrwp
grid,ssrwp-tworay,0,paper,dsdv,2,86.0,16.6,434.5,5.65,22.78,28.76,0.5,-1,,ssrwp
grid,ssrwp-tworay,0,paper,dsdv,3,86.4,16.0,454.5,5.75,22.47,28.49,0.5,-1,,ssrwp
grid,ssrwp-tworay,0,paper,dsdv,4,86.8,12.5,313.5,5.84,21.92,21.93,0.5,-1,,ssrwp
grid,ssrwp-tworay,0,paper,dsdv,5,86.9,15.1,397.5,5.76,22.33,26.95,0.5,-1,,ssrwp
grid,ssrwp-tworay,0,paper,dsdv,6,84.0,17.8,1002.5,5.47,23.51,31.82,1.5,-1,,ssrwp
grid,ssrwp-tworay,0,paper,dsdv,7,86.9,15.6,444.5,5.63,22.83,27.41,0.5,-1,,ssrwp
grid,ssrwp-tworay,0,paper,dsdv,8,86.5,17.0,523.5,5.75,22.31,29.86,1.5,-1,,ssrwp
grid,ssrwp-tworay,0,paper,dsdv,9,84.1,18.8,1003.5,5.75,22.34,32.97,1.5,-1,,ssrwp
grid,ssrwp-tworay,0,paper,dsdv,10,85.8,15.3,436.5,5.63,22.91,26.61,1.5,-1,,ssrwp
grid,ssrwp-tworay,0,paper,dsdv,11,87.2,14.0,358.5,5.70,22.44,24.82,0.5,-1,,ssrwp
grid,ssrwp-tworay,0,paper,dsdv,12,84.4,16.9,467.5,5.43,23.66,28.96,1.5,-1,,ssrwp
grid,ssrwp-tworay,0,paper,dsdv,13,85.4,19.0,1002.5,5.67,22.63,33.91,1.5,-1,,ssrwp
grid,ssrwp-tworay,0,paper,dsdv,14,84.5,15.8,410.5,5.53,23.28,27.56,1.5,-1,,ssrwp
grid,ssrwp-tworay,0,paper,dsdv,15,88.4,16.5,455.5,5.80,22.18,29.76,0.5,-1,,ssrwp
grid,ssrwp-tworay,0,paper,dsdv,16,86.1,15.8,401.5,5.74,22.37,28.54,0.5,-1,,ssrwp
grid,ssrwp-tworay,0,paper,dsdv,17,85.8,14.3,338.5,5.59,23.03,24.99,0.5,-1,,ssrwp
grid,ssrwp-tworay,0,paper,dsdv,18,84.8,12.7,308.5,5.70,22.64,21.61,1.5,-1,,ssrwp
grid,ssrwp-tworay,0,paper,dsdv,19,81.4,17.0,484.5,5.29,24.36,29.27,1.5,-1,,ssrwp
grid,ssrwp-tworay,0,paper,dsdv,20,86.7,15.7,371.5,5.79,22.20,27.70,1.5,-1,,ssrwp
grid,gaussmarkov-tworay,0,paper,anthocnet,1,97.2,43.7,790.5,6.38,37.53,73.22,2.5,141.5,,gaussmarkov
grid,gaussmarkov-tworay,0,paper,anthocnet,2,96.5,58.6,889.5,6.26,35.57,87.25,3.5,214.5,,gaussmarkov
grid,gaussmarkov-tworay,0,paper,anthocnet,3,97.1,44.5,785.5,6.42,34.44,73.80,1.5,149.5,,gaussmarkov
grid,gaussmarkov-tworay,0,paper,anthocnet,4,96.1,71.7,1005.5,6.25,38.05,113.96,3.5,350.5,,gaussmarkov
grid,gaussmarkov-tworay,0,paper,anthocnet,5,96.8,55.8,852.5,6.57,36.61,91.82,2.5,214.5,,gaussmarkov
grid,gaussmarkov-tworay,0,paper,anthocnet,6,97.2,45.1,786.5,6.61,34.99,73.81,2.5,163.5,,gaussmarkov
grid,gaussmarkov-tworay,0,paper,anthocnet,7,97.1,58.8,915.5,6.36,37.96,96.89,3.5,227.5,,gaussmarkov
grid,gaussmarkov-tworay,0,paper,anthocnet,8,95.9,76.8,982.5,6.30,38.56,120.74,4.5,390.5,,gaussmarkov
grid,gaussmarkov-tworay,0,paper,anthocnet,9,95.2,54.2,881.5,6.37,38.35,87.70,3.5,260.5,,gaussmarkov
grid,gaussmarkov-tworay,0,paper,anthocnet,10,96.8,57.2,841.5,6.45,37.84,94.77,3.5,235.5,,gaussmarkov
grid,gaussmarkov-tworay,0,paper,anthocnet,11,97.1,54.7,858.5,6.55,39.65,89.99,2.5,195.5,,gaussmarkov
grid,gaussmarkov-tworay,0,paper,anthocnet,12,97.3,51.3,821.5,6.43,35.52,84.15,2.5,196.5,,gaussmarkov
grid,gaussmarkov-tworay,0,paper,anthocnet,13,97.5,39.1,709.5,6.46,33.67,64.77,1.5,130.5,,gaussmarkov
grid,gaussmarkov-tworay,0,paper,anthocnet,14,97.0,43.7,787.5,6.41,36.15,71.84,1.5,155.5,,gaussmarkov
grid,gaussmarkov-tworay,0,paper,anthocnet,15,97.3,49.3,836.5,6.46,36.31,79.49,2.5,175.5,,gaussmarkov
grid,gaussmarkov-tworay,0,paper,anthocnet,16,96.8,50.7,801.5,6.44,35.54,84.04,2.5,197.5,,gaussmarkov
grid,gaussmarkov-tworay,0,paper,anthocnet,17,98.0,38.7,676.5,6.59,33.63,61.11,1.5,121.5,,gaussmarkov
grid,gaussmarkov-tworay,0,paper,anthocnet,18,97.9,40.4,817.5,6.29,34.80,67.01,1.5,127.5,,gaussmarkov
grid,gaussmarkov-tworay,0,paper,anthocnet,19,97.1,49.4,848.5,6.41,34.54,82.55,2.5,178.5,,gaussmarkov
grid,gaussmarkov-tworay,0,paper,anthocnet,20,97.6,41.0,757.5,6.52,33.62,65.09,1.5,132.5,,gaussmarkov
grid,gaussmarkov-tworay,0,paper,aodv,1,83.5,58.1,663.5,5.48,71.56,85.95,14.5,-1,,gaussmarkov
grid,gaussmarkov-tworay,0,paper,aodv,2,84.3,36.3,513.5,5.47,63.44,54.85,4.5,-1,,gaussmarkov
grid,gaussmarkov-tworay,0,paper,aodv,3,84.7,37.4,569.5,5.60,63.80,59.43,3.5,-1,,gaussmarkov
grid,gaussmarkov-tworay,0,paper,aodv,4,79.7,46.1,626.5,5.18,70.36,68.41,10.5,-1,,gaussmarkov
grid,gaussmarkov-tworay,0,paper,aodv,5,83.9,40.7,616.5,5.69,60.31,62.17,4.5,-1,,gaussmarkov
grid,gaussmarkov-tworay,0,paper,aodv,6,82.4,47.4,621.5,5.61,67.44,72.15,10.5,-1,,gaussmarkov
grid,gaussmarkov-tworay,0,paper,aodv,7,82.9,40.7,595.5,5.43,64.46,61.90,3.5,-1,,gaussmarkov
grid,gaussmarkov-tworay,0,paper,aodv,8,81.2,44.9,670.5,5.33,65.98,67.77,7.5,-1,,gaussmarkov
grid,gaussmarkov-tworay,0,paper,aodv,9,84.6,40.6,577.5,5.66,63.88,62.77,3.5,-1,,gaussmarkov
grid,gaussmarkov-tworay,0,paper,aodv,10,84.9,40.4,596.5,5.66,60.87,62.67,3.5,-1,,gaussmarkov
grid,gaussmarkov-tworay,0,paper,aodv,11,81.9,40.4,516.5,5.52,64.87,60.00,6.5,-1,,gaussmarkov
grid,gaussmarkov-tworay,0,paper,aodv,12,85.5,39.7,569.5,5.65,61.09,61.03,3.5,-1,,gaussmarkov
grid,gaussmarkov-tworay,0,paper,aodv,13,84.8,34.1,503.5,5.61,60.74,53.06,2.5,-1,,gaussmarkov
grid,gaussmarkov-tworay,0,paper,aodv,14,86.2,34.4,498.5,5.69,57.62,52.12,3.5,-1,,gaussmarkov
grid,gaussmarkov-tworay,0,paper,aodv,15,82.6,52.1,682.5,5.48,68.67,78.55,11.5,-1,,gaussmarkov
grid,gaussmarkov-tworay,0,paper,aodv,16,85.4,39.4,525.5,5.67,64.23,61.56,3.5,-1,,gaussmarkov
grid,gaussmarkov-tworay,0,paper,aodv,17,86.0,37.7,576.5,5.78,56.77,58.61,3.5,-1,,gaussmarkov
grid,gaussmarkov-tworay,0,paper,aodv,18,86.2,40.4,546.5,5.54,62.80,62.86,3.5,-1,,gaussmarkov
grid,gaussmarkov-tworay,0,paper,aodv,19,83.7,34.2,513.5,5.53,60.56,54.29,2.5,-1,,gaussmarkov
grid,gaussmarkov-tworay,0,paper,aodv,20,83.6,36.0,525.5,5.58,65.06,57.98,2.5,-1,,gaussmarkov
grid,gaussmarkov-tworay,0,paper,olsr,1,87.5,10.2,26.5,5.53,4.26,16.11,1.5,-1,,gaussmarkov
grid,gaussmarkov-tworay,0,paper,olsr,2,85.5,8.9,25.5,5.26,4.42,12.81,1.5,-1,,gaussmarkov
grid,gaussmarkov-tworay,0,paper,olsr,3,87.7,10.5,27.5,5.57,4.28,14.74,1.5,-1,,gaussmarkov
grid,gaussmarkov-tworay,0,paper,olsr,4,81.4,14.5,659.5,5.05,4.72,23.52,1.5,-1,,gaussmarkov
grid,gaussmarkov-tworay,0,paper,olsr,5,84.8,7.8,23.5,5.49,4.30,10.48,1.5,-1,,gaussmarkov
grid,gaussmarkov-tworay,0,paper,olsr,6,86.9,9.2,30.5,5.66,4.18,13.85,1.5,-1,,gaussmarkov
grid,gaussmarkov-tworay,0,paper,olsr,7,82.7,5.7,23.5,5.11,4.58,7.24,1.5,-1,,gaussmarkov
grid,gaussmarkov-tworay,0,paper,olsr,8,83.9,14.7,268.5,5.24,4.50,23.29,1.5,-1,,gaussmarkov
grid,gaussmarkov-tworay,0,paper,olsr,9,85.9,5.3,22.5,5.44,4.30,6.54,1.5,-1,,gaussmarkov
grid,gaussmarkov-tworay,0,paper,olsr,10,86.8,10.3,25.5,5.47,4.28,16.22,1.5,-1,,gaussmarkov
grid,gaussmarkov-tworay,0,paper,olsr,11,82.8,11.3,27.5,5.19,4.53,17.45,1.5,-1,,gaussmarkov
grid,gaussmarkov-tworay,0,paper,olsr,12,86.0,8.5,25.5,5.46,4.30,11.97,1.5,-1,,gaussmarkov
grid,gaussmarkov-tworay,0,paper,olsr,13,88.3,7.0,22.5,5.68,4.17,9.08,1.5,-1,,gaussmarkov
grid,gaussmarkov-tworay,0,paper,olsr,14,86.9,7.2,23.5,5.49,4.29,9.45,1.5,-1,,gaussmarkov
grid,gaussmarkov-tworay,0,paper,olsr,15,85.3,8.0,26.5,5.39,4.32,11.34,1.5,-1,,gaussmarkov
grid,gaussmarkov-tworay,0,paper,olsr,16,86.7,7.2,23.5,5.55,4.28,9.77,1.5,-1,,gaussmarkov
grid,gaussmarkov-tworay,0,paper,olsr,17,87.4,6.8,22.5,5.66,4.20,9.63,1.5,-1,,gaussmarkov
grid,gaussmarkov-tworay,0,paper,olsr,18,88.3,8.4,26.5,5.46,4.33,12.36,1.5,-1,,gaussmarkov
grid,gaussmarkov-tworay,0,paper,olsr,19,86.5,6.1,21.5,5.52,4.25,8.24,1.5,-1,,gaussmarkov
grid,gaussmarkov-tworay,0,paper,olsr,20,87.0,5.8,21.5,5.65,4.23,7.93,0.5,-1,,gaussmarkov
grid,gaussmarkov-tworay,0,paper,dsdv,1,80.1,21.5,1006.5,5.26,24.49,38.70,1.5,-1,,gaussmarkov
grid,gaussmarkov-tworay,0,paper,dsdv,2,78.0,18.1,702.5,5.06,25.50,30.86,1.5,-1,,gaussmarkov
grid,gaussmarkov-tworay,0,paper,dsdv,3,79.4,16.4,420.5,5.25,24.65,28.31,1.5,-1,,gaussmarkov
grid,gaussmarkov-tworay,0,paper,dsdv,4,75.3,19.3,1004.5,4.90,26.53,33.66,1.5,-1,,gaussmarkov
grid,gaussmarkov-tworay,0,paper,dsdv,5,78.1,14.3,280.5,5.30,24.47,23.86,1.5,-1,,gaussmarkov
grid,gaussmarkov-tworay,0,paper,dsdv,6,78.2,18.5,1005.5,5.32,24.42,31.46,1.5,-1,,gaussmarkov
grid,gaussmarkov-tworay,0,paper,dsdv,7,75.1,13.3,294.5,4.92,26.33,22.55,1.5,-1,,gaussmarkov
grid,gaussmarkov-tworay,0,paper,dsdv,8,77.8,18.3,1004.5,5.11,25.51,31.42,1.5,-1,,gaussmarkov
grid,gaussmarkov-tworay,0,paper,dsdv,9,79.2,14.6,381.5,5.30,24.41,24.57,1.5,-1,,gaussmarkov
grid,gaussmarkov-tworay,0,paper,dsdv,10,79.0,16.5,917.5,5.26,24.48,28.80,1.5,-1,,gaussmarkov
grid,gaussmarkov-tworay,0,paper,dsdv,11,72.9,17.7,428.5,4.91,26.59,31.00,2.5,-1,,gaussmarkov
grid,gaussmarkov-tworay,0,paper,dsdv,12,80.2,13.5,297.5,5.30,24.56,23.03,1.5,-1,,gaussmarkov
grid,gaussmarkov-tworay,0,paper,dsdv,13,80.9,17.4,883.5,5.36,24.16,30.67,1.5,-1,,gaussmarkov
grid,gaussmarkov-tworay,0,paper,dsdv,14,80.4,16.8,339.5,5.31,24.40,29.70,1.5,-1,,gaussmarkov
grid,gaussmarkov-tworay,0,paper,dsdv,15,78.2,14.8,277.5,5.19,24.96,25.61,1.5,-1,,gaussmarkov
grid,gaussmarkov-tworay,0,paper,dsdv,16,80.0,12.4,206.5,5.32,24.49,20.85,1.5,-1,,gaussmarkov
grid,gaussmarkov-tworay,0,paper,dsdv,17,80.5,15.7,384.5,5.41,23.98,27.55,1.5,-1,,gaussmarkov
grid,gaussmarkov-tworay,0,paper,dsdv,18,81.0,16.8,481.5,5.20,24.99,30.06,1.5,-1,,gaussmarkov
grid,gaussmarkov-tworay,0,paper,dsdv,19,78.6,13.4,307.5,5.19,25.02,23.02,1.5,-1,,gaussmarkov
grid,gaussmarkov-tworay,0,paper,dsdv,20,81.2,13.0,293.5,5.42,24.15,22.49,1.5,-1,,gaussmarkov
grid,rwp-nakagami,0,paper,anthocnet,1,91.8,102.4,1210.5,5.99,51.12,149.40,16.5,969.5,,rwp
grid,rwp-nakagami,0,paper,anthocnet,2,89.6,84.2,1172.5,5.87,50.12,131.43,7.5,-1,,rwp
grid,rwp-nakagami,0,paper,anthocnet,3,93.6,84.4,1098.5,6.20,47.79,121.66,9.5,473.5,,rwp
grid,rwp-nakagami,0,paper,anthocnet,4,90.7,78.9,1025.5,5.97,49.40,111.95,8.5,1108.5,,rwp
grid,rwp-nakagami,0,paper,anthocnet,5,92.9,94.8,1284.5,6.26,48.41,133.67,14.5,694.5,,rwp
grid,rwp-nakagami,0,paper,anthocnet,6,93.6,78.5,1105.5,6.17,49.44,119.36,5.5,487.5,,rwp
grid,rwp-nakagami,0,paper,anthocnet,7,90.4,83.1,1137.5,5.79,49.98,127.01,6.5,1582.5,,rwp
grid,rwp-nakagami,0,paper,anthocnet,8,92.1,83.3,1272.5,6.19,47.79,134.76,5.5,801.5,,rwp
grid,rwp-nakagami,0,paper,anthocnet,9,91.1,87.3,1200.5,6.03,51.24,139.78,7.5,1047.5,,rwp
grid,rwp-nakagami,0,paper,anthocnet,10,92.1,85.6,1117.5,6.04,50.36,133.33,7.5,802.5,,rwp
grid,rwp-nakagami,0,paper,anthocnet,11,90.4,112.5,1280.5,6.00,53.53,163.78,21.5,2057.5,,rwp
grid,rwp-nakagami,0,paper,anthocnet,12,93.5,81.8,1116.5,6.15,50.77,126.92,6.5,537.5,,rwp
grid,rwp-nakagami,0,paper,anthocnet,13,90.4,104.5,1197.5,6.04,55.64,151.78,18.5,1692.5,,rwp
grid,rwp-nakagami,0,paper,anthocnet,14,92.5,83.7,1107.5,6.08,48.64,132.30,7.5,681.5,,rwp
grid,rwp-nakagami,0,paper,anthocnet,15,93.4,76.5,1084.5,6.19,47.14,120.96,4.5,499.5,,rwp
grid,rwp-nakagami,0,paper,anthocnet,16,91.9,78.9,1178.5,6.14,49.19,118.82,5.5,813.5,,rwp
grid,rwp-nakagami,0,paper,anthocnet,17,91.7,79.5,1149.5,5.90,47.41,124.38,5.5,883.5,,rwp
grid,rwp-nakagami,0,paper,anthocnet,18,92.1,87.0,1175.5,6.01,52.01,133.88,6.5,810.5,,rwp
grid,rwp-nakagami,0,paper,anthocnet,19,93.4,86.6,1133.5,6.05,49.58,136.87,5.5,600.5,,rwp
grid,rwp-nakagami,0,paper,anthocnet,20,93.4,72.6,1054.5,6.09,46.04,113.53,4.5,499.5,,rwp
grid,rwp-nakagami,0,paper,aodv,1,76.8,53.9,687.5,5.01,70.80,80.03,14.5,-1,,rwp
grid,rwp-nakagami,0,paper,aodv,2,73.0,58.0,780.5,4.78,77.11,85.48,22.5,-1,,rwp
grid,rwp-nakagami,0,paper,aodv,3,73.2,69.1,873.5,4.85,79.73,99.43,27.5,-1,,rwp
grid,rwp-nakagami,0,paper,aodv,4,73.1,64.3,803.5,4.81,82.81,92.51,27.5,-1,,rwp
grid,rwp-nakagami,0,paper,aodv,5,71.9,62.0,789.5,4.85,81.04,91.33,24.5,-1,,rwp
grid,rwp-nakagami,0,paper,aodv,6,74.5,66.0,863.5,4.91,76.67,95.07,21.5,-1,,rwp
grid,rwp-nakagami,0,paper,aodv,7,77.6,62.8,895.5,4.97,72.75,93.94,12.5,-1,,rwp
grid,rwp-nakagami,0,paper,aodv,8,73.6,63.7,837.5,4.94,76.00,92.04,22.5,-1,,rwp
grid,rwp-nakagami,0,paper,aodv,9,74.7,63.6,848.5,4.94,78.48,93.15,19.5,-1,,rwp
grid,rwp-nakagami,0,paper,aodv,10,72.8,62.3,910.5,4.78,81.16,90.60,22.5,-1,,rwp
grid,rwp-nakagami,0,paper,aodv,11,73.2,70.0,788.5,4.86,76.47,99.51,29.5,-1,,rwp
grid,rwp-nakagami,0,paper,aodv,12,70.3,77.4,1003.5,4.62,83.53,108.52,40.5,-1,,rwp
grid,rwp-nakagami,0,paper,aodv,13,67.4,72.2,906.5,4.50,87.13,104.63,53.5,-1,,rwp
grid,rwp-nakagami,0,paper,aodv,14,75.2,62.9,776.5,4.94,74.04,93.83,17.5,-1,,rwp
grid,rwp-nakagami,0,paper,aodv,15,75.0,56.6,777.5,4.97,76.16,84.48,18.5,-1,,rwp
grid,rwp-nakagami,0,paper,aodv,16,74.4,64.0,925.5,4.97,77.23,92.32,15.5,-1,,rwp
grid,rwp-nakagami,0,paper,aodv,17,72.2,63.0,839.5,4.65,78.13,91.01,23.5,-1,,rwp
grid,rwp-nakagami,0,paper,aodv,18,70.8,68.3,925.5,4.62,77.70,99.80,34.5,-1,,rwp
grid,rwp-nakagami,0,paper,aodv,19,75.6,59.6,773.5,4.90,77.72,88.17,15.5,-1,,rwp
grid,rwp-nakagami,0,paper,aodv,20,74.6,59.6,775.5,4.86,74.87,86.21,15.5,-1,,rwp
grid,rwp-nakagami,0,paper,olsr,1,88.3,108.0,3003.5,5.63,4.35,168.51,2.5,-1,,rwp
grid,rwp-nakagami,0,paper,olsr,2,87.3,108.1,3006.5,5.60,4.36,168.81,2.5,-1,,rwp
grid,rwp-nakagami,0,paper,olsr,3,87.2,109.9,3007.5,5.65,4.32,174.81,2.5,-1,,rwp
grid,rwp-nakagami,0,paper,olsr,4,88.4,98.6,2076.5,5.66,4.31,164.34,1.5,-1,,rwp
grid,rwp-nakagami,0,paper,olsr,5,88.7,104.3,2258.5,5.87,4.17,162.65,2.5,-1,,rwp
grid,rwp-nakagami,0,paper,olsr,6,87.0,105.9,3006.5,5.54,4.40,165.41,2.5,-1,,rwp
grid,rwp-nakagami,0,paper,olsr,7,88.5,102.1,3006.5,5.54,4.41,159.52,2.5,-1,,rwp
grid,rwp-nakagami,0,paper,olsr,8,87.3,113.7,3014.5,5.69,4.30,175.87,2.5,-1,,rwp
grid,rwp-nakagami,0,paper,olsr,9,88.3,102.3,2077.5,5.71,4.28,156.82,2.5,-1,,rwp
grid,rwp-nakagami,0,paper,olsr,10,86.3,112.2,3009.5,5.47,4.48,172.53,2.5,-1,,rwp
grid,rwp-nakagami,0,paper,olsr,11,88.0,107.6,2979.5,5.66,4.32,172.45,2.5,-1,,rwp
grid,rwp-nakagami,0,paper,olsr,12,87.4,103.5,2074.5,5.62,4.34,163.61,2.5,-1,,rwp
grid,rwp-nakagami,0,paper,olsr,13,86.8,102.7,2054.5,5.59,4.38,168.40,2.5,-1,,rwp
grid,rwp-nakagami,0,paper,olsr,14,87.9,102.8,3006.5,5.65,4.35,160.47,2.5,-1,,rwp
grid,rwp-nakagami,0,paper,olsr,15,87.2,103.8,2646.5,5.64,4.32,163.61,2.5,-1,,rwp
grid,rwp-nakagami,0,paper,olsr,16,89.2,105.9,3009.5,5.80,4.20,165.79,1.5,-1,,rwp
grid,rwp-nakagami,0,paper,olsr,17,88.7,102.7,3004.5,5.56,4.41,160.35,2.5,-1,,rwp
grid,rwp-nakagami,0,paper,olsr,18,87.6,112.0,3006.5,5.53,4.42,179.27,2.5,-1,,rwp
grid,rwp-nakagami,0,paper,olsr,19,88.7,103.8,2162.5,5.61,4.35,164.11,1.5,-1,,rwp
grid,rwp-nakagami,0,paper,olsr,20,86.7,102.9,2869.5,5.45,4.47,163.17,2.5,-1,,rwp
grid,rwp-nakagami,0,paper,dsdv,1,71.9,53.0,2012.5,4.69,28.04,79.63,2.5,-1,,rwp
grid,rwp-nakagami,0,paper,dsdv,2,68.6,74.4,2069.5,4.49,29.35,110.76,4.5,-1,,rwp
grid,rwp-nakagami,0,paper,dsdv,3,72.1,60.7,2031.5,4.77,27.55,91.22,2.5,-1,,rwp
grid,rwp-nakagami,0,paper,dsdv,4,71.0,62.4,2038.5,4.67,28.22,95.18,2.5,-1,,rwp
grid,rwp-nakagami,0,paper,dsdv,5,74.4,56.5,2019.5,5.02,26.21,89.61,2.5,-1,,rwp
grid,rwp-nakagami,0,paper,dsdv,6,69.0,63.4,2033.5,4.54,28.92,98.97,3.5,-1,,rwp
grid,rwp-nakagami,0,paper,dsdv,7,75.4,54.2,2017.5,4.83,27.12,80.32,2.5,-1,,rwp
grid,rwp-nakagami,0,paper,dsdv,8,70.9,73.3,2080.5,4.76,27.56,110.93,2.5,-1,,rwp
grid,rwp-nakagami,0,paper,dsdv,9,73.7,62.9,2039.5,4.87,27.00,97.02,2.5,-1,,rwp
grid,rwp-nakagami,0,paper,dsdv,10,71.9,75.5,2070.5,4.72,27.91,112.08,2.5,-1,,rwp
grid,rwp-nakagami,0,paper,dsdv,11,70.7,65.1,2047.5,4.69,27.98,95.42,2.5,-1,,rwp
grid,rwp-nakagami,0,paper,dsdv,12,69.4,64.6,2024.5,4.57,28.76,100.38,3.5,-1,,rwp
grid,rwp-nakagami,0,paper,dsdv,13,68.1,64.9,2041.5,4.55,28.89,102.43,4.5,-1,,rwp
grid,rwp-nakagami,0,paper,dsdv,14,72.0,51.1,2013.5,4.74,27.78,82.56,2.5,-1,,rwp
grid,rwp-nakagami,0,paper,dsdv,15,73.8,56.5,2021.5,4.89,26.94,90.71,2.5,-1,,rwp
grid,rwp-nakagami,0,paper,dsdv,16,74.5,60.0,2028.5,4.98,26.44,92.65,2.5,-1,,rwp
grid,rwp-nakagami,0,paper,dsdv,17,73.6,63.0,2037.5,4.74,27.69,92.10,2.5,-1,,rwp
grid,rwp-nakagami,0,paper,dsdv,18,69.4,63.7,2030.5,4.53,29.12,96.53,3.5,-1,,rwp
grid,rwp-nakagami,0,paper,dsdv,19,74.5,48.6,2012.5,4.83,27.15,76.45,2.5,-1,,rwp
grid,rwp-nakagami,0,paper,dsdv,20,72.2,66.2,2050.5,4.70,27.95,99.03,2.5,-1,,rwp
grid,ssrwp-nakagami,0,paper,anthocnet,1,90.8,87.5,1115.5,5.91,53.19,136.83,8.5,1157.5,,ssrwp
grid,ssrwp-nakagami,0,paper,anthocnet,2,95.4,66.0,1006.5,6.38,43.36,99.40,5.5,299.5,,ssrwp
grid,ssrwp-nakagami,0,paper,anthocnet,3,88.2,75.1,1077.5,5.68,51.90,116.87,7.5,-1,,ssrwp
grid,ssrwp-nakagami,0,paper,anthocnet,4,92.2,82.9,1133.5,5.94,54.52,130.48,7.5,731.5,,ssrwp
grid,ssrwp-nakagami,0,paper,anthocnet,5,91.8,81.2,1088.5,6.04,47.88,124.99,8.5,819.5,,ssrwp
grid,ssrwp-nakagami,0,paper,anthocnet,6,93.5,87.0,1226.5,6.30,49.45,134.77,5.5,618.5,,ssrwp
grid,ssrwp-nakagami,0,paper,anthocnet,7,91.5,90.3,1278.5,6.13,49.02,131.17,7.5,1003.5,,ssrwp
grid,ssrwp-nakagami,0,paper,anthocnet,8,93.0,80.6,1096.5,6.27,47.09,126.07,6.5,598.5,,ssrwp
grid,ssrwp-nakagami,0,paper,anthocnet,9,92.6,107.0,1371.5,6.01,56.66,164.11,10.5,822.5,,ssrwp
grid,ssrwp-nakagami,0,paper,anthocnet,10,94.4,64.5,1015.5,6.30,45.36,100.85,4.5,331.5,,ssrwp
grid,ssrwp-nakagami,0,paper,anthocnet,11,90.3,101.3,1264.5,5.99,53.83,153.44,10.5,2148.5,,ssrwp
grid,ssrwp-nakagami,0,paper,anthocnet,12,86.5,106.7,1245.5,5.82,53.14,158.92,13.5,-1,,ssrwp
grid,ssrwp-nakagami,0,paper,anthocnet,13,93.0,82.9,1127.5,6.04,48.53,130.11,5.5,603.5,,ssrwp
grid,ssrwp-nakagami,0,paper,anthocnet,14,95.1,60.1,1031.5,6.49,41.68,95.87,3.5,262.5,,ssrwp
grid,ssrwp-nakagami,0,paper,anthocnet,15,91.4,97.4,1187.5,6.05,51.14,147.52,14.5,1029.5,,ssrwp
grid,ssrwp-nakagami,0,paper,anthocnet,16,90.9,98.5,1217.5,5.91,52.51,157.14,8.5,1203.5,,ssrwp
grid,ssrwp-nakagami,0,paper,anthocnet,17,93.7,70.5,1059.5,6.12,46.96,108.42,6.5,434.5,,ssrwp
grid,ssrwp-nakagami,0,paper,anthocnet,18,91.5,87.6,1149.5,6.24,52.49,127.67,11.5,934.5,,ssrwp
grid,ssrwp-nakagami,0,paper,anthocnet,19,92.2,87.4,1180.5,6.09,50.39,136.12,6.5,767.5,,ssrwp
grid,ssrwp-nakagami,0,paper,anthocnet,20,93.6,78.5,1174.5,6.22,48.87,120.63,5.5,483.5,,ssrwp
grid,ssrwp-nakagami,0,paper,aodv,1,69.4,70.3,1034.5,4.52,81.47,101.15,39.5,-1,,ssrwp
grid,ssrwp-nakagami,0,paper,aodv,2,75.6,51.6,639.5,5.06,73.96,77.02,15.5,-1,,ssrwp
grid,ssrwp-nakagami,0,paper,aodv,3,72.5,65.9,858.5,4.67,83.25,95.50,28.5,-1,,ssrwp
grid,ssrwp-nakagami,0,paper,aodv,4,73.6,60.0,795.5,4.74,77.94,88.70,20.5,-1,,ssrwp
grid,ssrwp-nakagami,0,paper,aodv,5,74.7,57.6,760.5,4.92,76.76,85.18,17.5,-1,,ssrwp
grid,ssrwp-nakagami,0,paper,aodv,6,73.6,55.9,741.5,4.96,70.18,80.50,19.5,-1,,ssrwp
grid,ssrwp-nakagami,0,paper,aodv,7,72.5,60.8,714.5,4.86,76.78,86.43,26.5,-1,,ssrwp
grid,ssrwp-nakagami,0,paper,aodv,8,73.4,61.1,758.5,4.95,73.22,87.69,22.5,-1,,ssrwp
grid,ssrwp-nakagami,0,paper,aodv,9,74.1,55.8,738.5,4.81,74.20,79.59,22.5,-1,,ssrwp
grid,ssrwp-nakagami,0,paper,aodv,10,72.1,60.3,819.5,4.81,76.58,92.22,25.5,-1,,ssrwp
grid,ssrwp-nakagami,0,paper,aodv,11,73.4,64.5,836.5,4.87,75.96,92.61,23.5,-1,,ssrwp
grid,ssrwp-nakagami,0,paper,aodv,12,73.6,63.7,848.5,4.95,75.85,94.21,23.5,-1,,ssrwp
grid,ssrwp-nakagami,0,paper,aodv,13,72.4,61.7,861.5,4.70,73.36,89.84,26.5,-1,,ssrwp
grid,ssrwp-nakagami,0,paper,aodv,14,75.6,58.0,781.5,5.15,74.45,84.85,15.5,-1,,ssrwp
grid,ssrwp-nakagami,0,paper,aodv,15,72.9,62.7,912.5,4.83,79.50,93.76,19.5,-1,,ssrwp
grid,ssrwp-nakagami,0,paper,aodv,16,71.6,63.4,782.5,4.66,80.22,92.84,29.5,-1,,ssrwp
grid,ssrwp-nakagami,0,paper,aodv,17,72.4,65.9,812.5,4.73,80.97,96.27,25.5,-1,,ssrwp
grid,ssrwp-nakagami,0,paper,aodv,18,70.6,73.3,960.5,4.81,79.82,104.33,37.5,-1,,ssrwp
grid,ssrwp-nakagami,0,paper,aodv,19,74.0,59.6,778.5,4.90,76.54,85.27,21.5,-1,,ssrwp
grid,ssrwp-nakagami,0,paper,aodv,20,72.3,66.9,917.5,4.80,75.06,97.69,28.5,-1,,ssrwp
grid,ssrwp-nakagami,0,paper,olsr,1,86.6,102.4,2515.5,5.47,4.47,171.75,2.5,-1,,ssrwp
grid,ssrwp-nakagami,0,paper,olsr,2,88.9,80.4,2046.5,5.86,4.13,135.06,1.5,-1,,ssrwp
grid,ssrwp-nakagami,0,paper,olsr,3,85.3,92.9,2047.5,5.37,4.50,141.91,2.5,-1,,ssrwp
grid,ssrwp-nakagami,0,paper,olsr,4,88.0,110.0,3003.5,5.43,4.46,171.20,2.5,-1,,ssrwp
grid,ssrwp-nakagami,0,paper,olsr,5,88.8,101.1,2565.5,5.71,4.24,158.58,1.5,-1,,ssrwp
grid,ssrwp-nakagami,0,paper,olsr,6,87.7,112.2,3008.5,5.75,4.20,181.78,2.5,-1,,ssrwp
grid,ssrwp-nakagami,0,paper,olsr,7,88.0,102.5,3003.5,5.76,4.22,164.26,1.5,-1,,ssrwp
grid,ssrwp-nakagami,0,paper,olsr,8,86.9,103.3,2169.5,5.72,4.28,164.97,2.5,-1,,ssrwp
grid,ssrwp-nakagami,0,paper,olsr,9,87.3,112.1,3003.5,5.49,4.49,170.24,2.5,-1,,ssrwp
grid,ssrwp-nakagami,0,paper,olsr,10,87.9,109.1,3010.5,5.69,4.30,172.67,1.5,-1,,ssrwp
grid,ssrwp-nakagami,0,paper,olsr,11,86.6,110.6,3013.5,5.61,4.33,173.48,2.5,-1,,ssrwp
grid,ssrwp-nakagami,0,paper,olsr,12,86.7,109.5,3012.5,5.71,4.26,163.43,2.5,-1,,ssrwp
grid,ssrwp-nakagami,0,paper,olsr,13,87.8,101.9,2789.5,5.47,4.44,158.19,2.5,-1,,ssrwp
grid,ssrwp-nakagami,0,paper,olsr,14,89.4,88.1,2227.5,5.97,4.08,144.33,1.5,-1,,ssrwp
grid,ssrwp-nakagami,0,paper,olsr,15,87.2,107.4,3005.5,5.59,4.34,169.52,2.5,-1,,ssrwp
grid,ssrwp-nakagami,0,paper,olsr,16,88.3,110.8,2646.5,5.59,4.35,172.56,2.5,-1,,ssrwp
grid,ssrwp-nakagami,0,paper,olsr,17,88.6,109.0,3010.5,5.62,4.31,169.97,2.5,-1,,ssrwp
grid,ssrwp-nakagami,0,paper,olsr,18,86.6,111.2,3004.5,5.67,4.32,175.60,2.5,-1,,ssrwp
grid,ssrwp-nakagami,0,paper,olsr,19,87.6,102.9,2052.5,5.64,4.29,164.79,2.5,-1,,ssrwp
grid,ssrwp-nakagami,0,paper,olsr,20,88.6,98.5,2567.5,5.74,4.21,158.61,1.5,-1,,ssrwp
grid,ssrwp-nakagami,0,paper,dsdv,1,67.6,75.5,2071.5,4.40,29.82,116.14,4.5,-1,,ssrwp
grid,ssrwp-nakagami,0,paper,dsdv,2,76.4,47.0,2007.5,5.12,25.68,74.89,2.5,-1,,ssrwp
grid,ssrwp-nakagami,0,paper,dsdv,3,71.0,61.9,2030.5,4.57,28.67,96.51,3.5,-1,,ssrwp
grid,ssrwp-nakagami,0,paper,dsdv,4,71.2,68.5,2051.5,4.59,28.61,104.90,3.5,-1,,ssrwp
grid,ssrwp-nakagami,0,paper,dsdv,5,75.2,53.3,2017.5,4.95,26.39,83.48,2.5,-1,,ssrwp
grid,ssrwp-nakagami,0,paper,dsdv,6,72.0,69.5,2038.5,4.85,27.01,106.59,3.5,-1,,ssrwp
grid,ssrwp-nakagami,0,paper,dsdv,7,76.6,60.8,2021.5,5.13,25.55,89.71,2.5,-1,,ssrwp
grid,ssrwp-nakagami,0,paper,dsdv,8,72.5,67.5,2034.5,4.89,26.96,105.18,2.5,-1,,ssrwp
grid,ssrwp-nakagami,0,paper,dsdv,9,72.2,70.5,2048.5,4.68,27.99,110.69,3.5,-1,,ssrwp
grid,ssrwp-nakagami,0,paper,dsdv,10,73.3,58.9,2026.5,4.89,26.88,90.57,2.5,-1,,ssrwp
grid,ssrwp-nakagami,0,paper,dsdv,11,71.4,65.9,2032.5,4.74,27.61,103.02,2.5,-1,,ssrwp
grid,ssrwp-nakagami,0,paper,dsdv,12,70.7,66.8,2025.5,4.75,27.48,108.49,2.5,-1,,ssrwp
grid,ssrwp-nakagami,0,paper,dsdv,13,73.2,67.1,2052.5,4.76,27.58,108.06,2.5,-1,,ssrwp
grid,ssrwp-nakagami,0,paper,dsdv,14,76.9,51.7,2021.5,5.24,25.00,83.21,2.5,-1,,ssrwp
grid,ssrwp-nakagami,0,paper,dsdv,15,73.1,54.3,2016.5,4.84,27.13,89.46,2.5,-1,,ssrwp
grid,ssrwp-nakagami,0,paper,dsdv,16,71.9,59.4,2020.5,4.68,28.08,93.01,2.5,-1,,ssrwp
grid,ssrwp-nakagami,0,paper,dsdv,17,71.4,65.0,2029.5,4.66,28.03,97.47,2.5,-1,,ssrwp
grid,ssrwp-nakagami,0,paper,dsdv,18,69.6,75.0,2070.5,4.74,27.68,115.02,3.5,-1,,ssrwp
grid,ssrwp-nakagami,0,paper,dsdv,19,72.0,68.5,2045.5,4.76,27.53,106.45,3.5,-1,,ssrwp
grid,ssrwp-nakagami,0,paper,dsdv,20,69.2,58.9,2016.5,4.60,28.44,94.88,2.5,-1,,ssrwp
grid,gaussmarkov-nakagami,0,paper,anthocnet,1,92.2,82.1,1075.5,6.06,48.31,124.90,7.5,737.5,,gaussmarkov
grid,gaussmarkov-nakagami,0,paper,anthocnet,2,90.7,89.0,1258.5,5.94,51.73,132.16,8.5,1391.5,,gaussmarkov
grid,gaussmarkov-nakagami,0,paper,anthocnet,3,87.0,109.7,1413.5,5.94,61.33,163.84,16.5,-1,,gaussmarkov
grid,gaussmarkov-nakagami,0,paper,anthocnet,4,86.0,141.0,1569.5,5.76,61.69,205.70,31.5,-1,,gaussmarkov
grid,gaussmarkov-nakagami,0,paper,anthocnet,5,89.7,131.5,1597.5,5.88,58.48,187.99,21.5,-1,,gaussmarkov
grid,gaussmarkov-nakagami,0,paper,anthocnet,6,89.7,102.0,1375.5,5.70,54.00,156.61,9.5,-1,,gaussmarkov
grid,gaussmarkov-nakagami,0,paper,anthocnet,7,88.1,153.0,1509.5,5.88,64.17,221.03,39.5,-1,,gaussmarkov
grid,gaussmarkov-nakagami,0,paper,anthocnet,8,83.0,139.7,1559.5,5.49,64.53,196.58,50.5,-1,,gaussmarkov
grid,gaussmarkov-nakagami,0,paper,anthocnet,9,89.8,109.6,1261.5,5.89,61.51,164.98,12.5,-1,,gaussmarkov
grid,gaussmarkov-nakagami,0,paper,anthocnet,10,91.4,112.8,1409.5,6.03,58.15,170.53,12.5,1160.5,,gaussmarkov
grid,gaussmarkov-nakagami,0,paper,anthocnet,11,90.6,110.2,1387.5,5.97,54.60,159.84,12.5,1726.5,,gaussmarkov
grid,gaussmarkov-nakagami,0,paper,anthocnet,12,92.2,100.1,1286.5,6.20,54.10,144.20,9.5,872.5,,gaussmarkov
grid,gaussmarkov-nakagami,0,paper,anthocnet,13,89.4,114.5,1434.5,5.95,59.25,164.56,16.5,-1,,gaussmarkov
grid,gaussmarkov-nakagami,0,paper,anthocnet,14,90.9,89.8,1112.5,6.10,54.61,136.79,9.5,1099.5,,gaussmarkov
grid,gaussmarkov-nakagami,0,paper,anthocnet,15,87.9,130.1,1596.5,5.79,61.73,176.83,32.5,-1,,gaussmarkov
grid,gaussmarkov-nakagami,0,paper,anthocnet,16,89.5,106.4,1186.5,5.92,54.71,158.24,16.5,-1,,gaussmarkov
grid,gaussmarkov-nakagami,0,paper,anthocnet,17,88.9,79.5,1077.5,5.95,52.14,121.26,7.5,-1,,gaussmarkov
grid,gaussmarkov-nakagami,0,paper,anthocnet,18,87.3,138.4,1432.5,5.84,62.80,199.52,30.5,-1,,gaussmarkov
grid,gaussmarkov-nakagami,0,paper,anthocnet,19,90.8,93.7,1107.5,6.09,50.42,144.22,9.5,1174.5,,gaussmarkov
grid,gaussmarkov-nakagami,0,paper,anthocnet,20,91.4,100.7,1212.5,6.14,53.83,150.60,11.5,1059.5,,gaussmarkov
grid,gaussmarkov-nakagami,0,paper,aodv,1,70.3,59.4,826.5,4.61,80.82,87.10,27.5,-1,,gaussmarkov
grid,gaussmarkov-nakagami,0,paper,aodv,2,69.9,65.0,875.5,4.58,80.15,93.28,29.5,-1,,gaussmarkov
grid,gaussmarkov-nakagami,0,paper,aodv,3,64.9,77.6,1058.5,4.43,84.85,114.91,60.5,-1,,gaussmarkov
grid,gaussmarkov-nakagami,0,paper,aodv,4,65.0,80.6,1080.5,4.35,89.99,109.65,66.5,-1,,gaussmarkov
grid,gaussmarkov-nakagami,0,paper,aodv,5,64.1,85.6,1378.5,4.20,86.03,119.45,70.5,-1,,gaussmarkov
grid,gaussmarkov-nakagami,0,paper,aodv,6,68.9,68.9,966.5,4.38,85.58,98.84,38.5,-1,,gaussmarkov
grid,gaussmarkov-nakagami,0,paper,aodv,7,65.9,85.4,1046.5,4.40,93.58,120.66,71.5,-1,,gaussmarkov
grid,gaussmarkov-nakagami,0,paper,aodv,8,61.8,76.3,1089.5,4.09,89.39,105.06,79.5,-1,,gaussmarkov
grid,gaussmarkov-nakagami,0,paper,aodv,9,68.7,80.2,1092.5,4.51,80.39,110.92,42.5,-1,,gaussmarkov
grid,gaussmarkov-nakagami,0,paper,aodv,10,70.0,66.1,885.5,4.61,82.74,92.07,36.5,-1,,gaussmarkov
grid,gaussmarkov-nakagami,0,paper,aodv,11,72.8,64.3,997.5,4.81,72.63,90.70,23.5,-1,,gaussmarkov
grid,gaussmarkov-nakagami,0,paper,aodv,12,70.8,63.3,901.5,4.76,75.48,91.76,22.5,-1,,gaussmarkov
grid,gaussmarkov-nakagami,0,paper,aodv,13,65.8,82.3,1321.5,4.38,87.41,114.43,55.5,-1,,gaussmarkov
grid,gaussmarkov-nakagami,0,paper,aodv,14,65.5,84.2,1400.5,4.39,87.32,120.68,54.5,-1,,gaussmarkov
grid,gaussmarkov-nakagami,0,paper,aodv,15,68.2,67.1,908.5,4.49,87.41,93.21,41.5,-1,,gaussmarkov
grid,gaussmarkov-nakagami,0,paper,aodv,16,65.9,67.2,863.5,4.36,89.50,95.77,52.5,-1,,gaussmarkov
grid,gaussmarkov-nakagami,0,paper,aodv,17,65.3,62.4,819.5,4.37,84.37,89.58,46.5,-1,,gaussmarkov
grid,gaussmarkov-nakagami,0,paper,aodv,18,67.6,76.3,1037.5,4.52,89.54,106.46,48.5,-1,,gaussmarkov
grid,gaussmarkov-nakagami,0,paper,aodv,19,67.0,70.3,934.5,4.49,85.34,96.69,51.5,-1,,gaussmarkov
grid,gaussmarkov-nakagami,0,paper,aodv,20,66.3,83.3,1066.5,4.45,88.55,118.28,62.5,-1,,gaussmarkov
grid,gaussmarkov-nakagami,0,paper,olsr,1,84.7,105.2,3006.5,5.19,4.72,163.05,2.5,-1,,gaussmarkov
grid,gaussmarkov-nakagami,0,paper,olsr,2,83.6,122.7,3014.5,5.11,4.78,189.26,2.5,-1,,gaussmarkov
grid,gaussmarkov-nakagami,0,paper,olsr,3,81.5,118.8,2972.5,5.26,4.69,182.52,3.5,-1,,gaussmarkov
grid,gaussmarkov-nakagami,0,paper,olsr,4,81.5,121.2,3010.5,5.15,4.78,185.15,3.5,-1,,gaussmarkov
grid,gaussmarkov-nakagami,0,paper,olsr,5,81.9,128.0,3008.5,5.08,4.87,202.21,3.5,-1,,gaussmarkov
grid,gaussmarkov-nakagami,0,paper,olsr,6,84.0,124.7,3007.5,5.10,4.81,184.51,3.5,-1,,gaussmarkov
grid,gaussmarkov-nakagami,0,paper,olsr,7,83.4,124.4,3007.5,5.24,4.70,192.84,3.5,-1,,gaussmarkov
grid,gaussmarkov-nakagami,0,paper,olsr,8,78.7,132.9,3005.5,4.85,5.03,208.13,5.5,-1,,gaussmarkov
grid,gaussmarkov-nakagami,0,paper,olsr,9,82.6,123.6,3007.5,5.07,4.87,194.25,3.5,-1,,gaussmarkov
grid,gaussmarkov-nakagami,0,paper,olsr,10,82.3,133.1,3013.5,5.08,4.88,206.91,3.5,-1,,gaussmarkov
grid,gaussmarkov-nakagami,0,paper,olsr,11,84.9,124.3,3010.5,5.29,4.64,191.99,2.5,-1,,gaussmarkov
grid,gaussmarkov-nakagami,0,paper,olsr,12,84.4,107.8,3003.5,5.43,4.56,173.16,2.5,-1,,gaussmarkov
grid,gaussmarkov-nakagami,0,paper,olsr,13,83.7,128.0,3010.5,5.14,4.78,192.91,3.5,-1,,gaussmarkov
grid,gaussmarkov-nakagami,0,paper,olsr,14,83.9,122.4,3008.5,5.21,4.70,187.19,2.5,-1,,gaussmarkov
grid,gaussmarkov-nakagami,0,paper,olsr,15,84.9,130.3,3010.5,5.23,4.70,203.78,2.5,-1,,gaussmarkov
grid,gaussmarkov-nakagami,0,paper,olsr,16,84.2,126.7,3011.5,5.26,4.67,198.67,3.5,-1,,gaussmarkov
grid,gaussmarkov-nakagami,0,paper,olsr,17,84.8,106.8,2091.5,5.39,4.55,160.93,2.5,-1,,gaussmarkov
grid,gaussmarkov-nakagami,0,paper,olsr,18,83.8,124.7,3007.5,5.25,4.72,190.16,3.5,-1,,gaussmarkov
grid,gaussmarkov-nakagami,0,paper,olsr,19,86.2,117.3,3007.5,5.46,4.52,182.88,2.5,-1,,gaussmarkov
grid,gaussmarkov-nakagami,0,paper,olsr,20,84.2,118.9,3004.5,5.31,4.61,187.79,3.5,-1,,gaussmarkov
grid,gaussmarkov-nakagami,0,paper,dsdv,1,67.3,78.1,2054.5,4.42,30.09,120.32,4.5,-1,,gaussmarkov
grid,gaussmarkov-nakagami,0,paper,dsdv,2,65.2,80.7,2085.5,4.27,31.13,121.73,5.5,-1,,gaussmarkov
grid,gaussmarkov-nakagami,0,paper,dsdv,3,60.1,91.0,2175.5,4.11,32.47,131.89,14.5,-1,,gaussmarkov
grid,gaussmarkov-nakagami,0,paper,dsdv,4,65.2,99.8,3015.5,4.37,30.64,149.20,6.5,-1,,gaussmarkov
grid,gaussmarkov-nakagami,0,paper,dsdv,5,61.2,86.5,2352.5,4.01,33.12,126.15,10.5,-1,,gaussmarkov
grid,gaussmarkov-nakagami,0,paper,dsdv,6,65.4,70.8,2046.5,4.16,31.98,107.57,5.5,-1,,gaussmarkov
grid,gaussmarkov-nakagami,0,paper,dsdv,7,63.4,82.6,2060.5,4.23,31.52,124.55,9.5,-1,,gaussmarkov
grid,gaussmarkov-nakagami,0,paper,dsdv,8,58.7,96.9,3014.5,3.88,34.18,149.10,17.5,-1,,gaussmarkov
grid,gaussmarkov-nakagami,0,paper,dsdv,9,66.0,81.5,2063.5,4.33,30.86,123.17,5.5,-1,,gaussmarkov
grid,gaussmarkov-nakagami,0,paper,dsdv,10,61.2,82.3,2106.5,4.04,33.11,127.42,10.5,-1,,gaussmarkov
grid,gaussmarkov-nakagami,0,paper,dsdv,11,67.9,74.3,2079.5,4.48,29.73,117.34,4.5,-1,,gaussmarkov
grid,gaussmarkov-nakagami,0,paper,dsdv,12,65.0,77.3,2505.5,4.37,30.47,110.09,5.5,-1,,gaussmarkov
grid,gaussmarkov-nakagami,0,paper,dsdv,13,62.8,87.5,2436.5,4.18,31.96,135.54,8.5,-1,,gaussmarkov
grid,gaussmarkov-nakagami,0,paper,dsdv,14,64.6,78.6,2068.5,4.33,30.70,125.04,6.5,-1,,gaussmarkov
grid,gaussmarkov-nakagami,0,paper,dsdv,15,64.4,80.9,2092.5,4.25,31.33,119.99,6.5,-1,,gaussmarkov
grid,gaussmarkov-nakagami,0,paper,dsdv,16,66.3,81.8,2086.5,4.38,30.36,125.26,5.5,-1,,gaussmarkov
grid,gaussmarkov-nakagami,0,paper,dsdv,17,65.2,66.8,2050.5,4.37,30.47,98.51,5.5,-1,,gaussmarkov
grid,gaussmarkov-nakagami,0,paper,dsdv,18,65.5,84.3,3003.5,4.38,30.59,133.81,5.5,-1,,gaussmarkov
grid,gaussmarkov-nakagami,0,paper,dsdv,19,63.8,75.6,2064.5,4.28,31.27,108.37,6.5,-1,,gaussmarkov
grid,gaussmarkov-nakagami,0,paper,dsdv,20,60.6,77.8,2066.5,4.06,32.68,117.52,10.5,-1,,gaussmarkov
